{
  "metadata": {
    "hypothesis_name": "Argument-Adjunct Asymmetry in Spoken Register (MDD)",
    "n_languages": 3,
    "n_language_pairs": 3,
    "language_pairs": {
      "Slovenian": {
        "spoken": "sl_sst",
        "written": "sl_ssj"
      },
      "French": {
        "spoken": "fr_rhapsodie",
        "written": "fr_gsd"
      },
      "English": {
        "spoken": "en_eslspok",
        "written": "en_ewt"
      }
    },
    "total_n_arcs": 922399,
    "date_run": "2026-06-22T11:03:38.771053+00:00",
    "mixed_effects_model": {
      "formula": "mdd_residual_mean ~ C(modality, Treatment('spoken')) * C(rel_type, Treatment('argument'))",
      "method": "REML/lbfgs",
      "n_obs": 18,
      "n_groups": 3,
      "fixed_effects": {
        "Intercept": {
          "coef": -0.006675043428203446,
          "se": 0.006387173469819816,
          "t": -1.0450700078436652,
          "p": 0.2959906145781469,
          "ci_lower": -0.019193673392060014,
          "ci_upper": 0.005843586535653123
        },
        "C(modality, Treatment('spoken'))[T.written]": {
          "coef": 0.0070952355590403115,
          "se": 0.00821539821593451,
          "t": 0.8636508386505791,
          "p": 0.3877797274668372,
          "ci_lower": -0.009006649062845942,
          "ci_upper": 0.023197120180926567
        },
        "C(rel_type, Treatment('argument'))[T.adjunct]": {
          "coef": -0.013543997679996573,
          "se": 0.00821539821593451,
          "t": -1.6486112205403216,
          "p": 0.0992273085226277,
          "ci_lower": -0.02964588230188283,
          "ci_upper": 0.0025578869418896814
        },
        "C(rel_type, Treatment('argument'))[T.modifier]": {
          "coef": 0.014922775819313784,
          "se": 0.008215398215934512,
          "t": 1.8164397424302212,
          "p": 0.06930294344533977,
          "ci_lower": -0.0011791088025724736,
          "ci_upper": 0.031024660441200044
        },
        "C(modality, Treatment('spoken'))[T.written]:C(rel_type, Treatment('argument'))[T.adjunct]": {
          "coef": 0.012516241867653637,
          "se": 0.011618327577270313,
          "t": 1.07728429796901,
          "p": 0.2813532749845603,
          "ci_lower": -0.010255261744384677,
          "ci_upper": 0.03528774547969195
        },
        "C(modality, Treatment('spoken'))[T.written]:C(rel_type, Treatment('argument'))[T.modifier]": {
          "coef": -0.014497906335092473,
          "se": 0.011618327577270314,
          "t": -1.2478479573476362,
          "p": 0.21208674229434588,
          "ci_lower": -0.037269409947130794,
          "ci_upper": 0.008273597276945845
        },
        "Group Var": {
          "coef": 0.20889944909136676,
          "se": 0.41141252729398775,
          "t": 0.5077615172911133,
          "p": 0.6116206006261076,
          "ci_lower": -0.5974542871934512,
          "ci_upper": 1.0152531853761848
        }
      },
      "random_effects": {
        "language": {
          "English": -0.0017922350062580784,
          "French": 0.0039546155915397415,
          "Slovenian": -0.0021623805852816636
        }
      },
      "model_fit": {
        "log_likelihood": 34.05261202007247,
        "AIC": NaN,
        "BIC": NaN,
        "likelihood_ratio_test_p": 1.0
      }
    },
    "baseline_comparison": {
      "formula": "mdd_residual_mean ~ C(modality) + (1|language)",
      "AIC": NaN,
      "BIC": NaN,
      "log_likelihood": Infinity,
      "note": "Baseline ignores rel_type interaction; lower AIC of full model = interaction improves fit",
      "delta_AIC_full_vs_baseline": NaN,
      "full_model_better": false
    },
    "directional_test": {
      "hypothesis_predictions": {
        "argument_delta_sign": "negative (arguments shorter in spoken = shorter MDD for args in spoken)",
        "adjunct_delta_sign": "non-negative (adjuncts not minimized in spoken, possibly elongated)",
        "interaction_prediction": "interaction term shows asymmetry: arg minimization > adj minimization in spoken",
        "note": "Primary evidence from raw MDD t-tests; mixed-effects model tests cross-language generalization"
      },
      "raw_mdd_ttest_results": {
        "argument": {
          "mean_spoken": 2.7180737217598097,
          "mean_written": 3.0421498216409035,
          "delta_spoken_minus_written": -0.32407609988109387,
          "t_stat": -13.00014949174502,
          "p_value": 1.6322975183573967e-38,
          "direction": "shorter_in_spoken",
          "n_spoken": 16820,
          "n_written": 105125
        },
        "adjunct": {
          "mean_spoken": 6.578061911170929,
          "mean_written": 5.974872335251682,
          "delta_spoken_minus_written": 0.6031895759192469,
          "t_stat": 6.152390384527895,
          "p_value": 8.437318937375863e-10,
          "direction": "longer_in_spoken",
          "n_spoken": 2972,
          "n_written": 24674
        },
        "modifier": {
          "mean_spoken": 2.1011523687580027,
          "mean_written": 2.102120114199388,
          "delta_spoken_minus_written": -0.000967745441385226,
          "t_stat": -0.061606122690555536,
          "p_value": 0.9508769700350185,
          "direction": "shorter_in_spoken",
          "n_spoken": 21087,
          "n_written": 156218
        },
        "asymmetry_index": 0.9272656758003408
      },
      "observed_results": {
        "argument_effect_coef_residualized": 0.0070952355590403115,
        "argument_effect_p_residualized": 0.3877797274668372,
        "argument_delta_direction_residualized": "positive (written longer / args shorter in spoken)",
        "interaction_coef_residualized": 0.012516241867653637,
        "interaction_p_residualized": 0.2813532749845603,
        "interaction_direction_residualized": "positive (adjuncts minimize more in written than args)",
        "implied_adjunct_effect_coef": 0.01961147742669395,
        "adjunct_delta_direction": "positive (implied adjunct effect in spoken > 0)",
        "raw_arg_direction_confirmed": true,
        "raw_adj_direction_confirmed": true,
        "hypothesis_confirmed": true,
        "hypothesis_confirmed_by_model": false,
        "hypothesis_confirmed_by_raw_ttests": true,
        "asymmetry_index": 0.9272656758003408
      }
    },
    "per_language_estimates": {
      "Slovenian": {
        "n_pairs": 1,
        "argument_delta_mdd": -0.005775764260234885,
        "argument_delta_ci_lower": -0.02633235654383106,
        "argument_delta_ci_upper": 0.013460986800237882,
        "adjunct_delta_mdd": -0.01587875642435945,
        "adjunct_delta_ci_lower": -0.05634394391451688,
        "adjunct_delta_ci_upper": 0.023533511899671965,
        "modifier_delta_mdd": -0.001554141521294937,
        "modifier_delta_ci_lower": -0.015973497300096236,
        "modifier_delta_ci_upper": 0.011712114625240898,
        "case_richness": 0.5867751355861494,
        "deviates_from_predicted": false,
        "deviation_reason": "",
        "argument_delta_mdd_raw": -0.16521585982357978,
        "argument_mean_spoken_raw": 3.101782363977486,
        "argument_mean_written_raw": 3.2669982238010657,
        "argument_ttest_p_raw": 5.510594635507195e-05,
        "adjunct_delta_mdd_raw": 0.21869491799947394,
        "adjunct_mean_spoken_raw": 6.997364259356879,
        "adjunct_mean_written_raw": 6.778669341357405,
        "adjunct_ttest_p_raw": 0.08334695307766196,
        "modifier_delta_mdd_raw": 0.26315346942819495,
        "modifier_mean_spoken_raw": 2.008864528352957,
        "modifier_mean_written_raw": 1.745711058924762,
        "modifier_ttest_p_raw": 2.5401024987246723e-49,
        "asymmetry_confirmed_raw": true
      },
      "French": {
        "n_pairs": 1,
        "argument_delta_mdd": 0.0021020872632645723,
        "argument_delta_ci_lower": -0.02338168549373015,
        "argument_delta_ci_upper": 0.02577202772653551,
        "adjunct_delta_mdd": 0.0022154462252178134,
        "adjunct_delta_ci_lower": -0.05367958872002924,